{
    "coupling_point_1": {
        "phase": 1,
        "ratio": 2,
        "coupling": {},
        "simulation_config": {},
        "data_config": {
            "filenames": {}
        }
    },
    "coupling_point_2": {
        "simulation_config": {},
        "data_config": {},
        "coupling": {
            "J_13": 11.99,
            "J_24": 12.72,
            "J_35": 12.35,
            "J_46": 11.27,
            "J_57": 12.42,
            "J_68": 12.54,
            "J_12": 6.41,
            "J_23": 6.15,
            "J_34": 5.8,
            "J_45": 5.95,
            "J_56": 5.42,
            "J_67": 6.26,
            "J_78": 6.35
        },
        "measurement_detunings": {
            "((1, 2), (3, 4))": [
                -1256.6370614359173,
                -1256.6370614359173,
                3141.592653589793,
                3141.592653589793,
                -628.3185307179587,
                -628.3185307179587,
                1884.9555921538758,
                1884.9555921538758
            ],
            "((1, 2), (4, 5))": [
                3141.592653589793,
                3141.592653589793,
                -1884.9555921538758,
                628.3185307179587,
                628.3185307179587,
                -1884.9555921538758,
                -1884.9555921538758,
                -1884.9555921538758
            ],
            "((1, 2), (5, 6))": [
                -1256.6370614359173,
                -1256.6370614359173,
                3141.592653589793,
                3141.592653589793,
                -628.3185307179587,
                -628.3185307179587,
                1884.9555921538758,
                1884.9555921538758
            ],
            "((1, 2), (6, 7))": [
                -1256.6370614359173,
                -1256.6370614359173,
                3141.592653589793,
                3141.592653589793,
                3141.592653589793,
                -628.3185307179587,
                -628.3185307179587,
                3141.592653589793
            ],
            "((1, 2), (7, 8))": [
                -1256.6370614359173,
                -1256.6370614359173,
                3141.592653589793,
                3141.592653589793,
                -628.3185307179587,
                -628.3185307179587,
                1884.9555921538758,
                1884.9555921538758
            ],
            "((2, 3), (4, 5))": [
                -1884.9555921538758,
                2827.4333882308138,
                2827.4333882308138,
                -1256.6370614359173,
                -1256.6370614359173,
                2199.114857512855,
                2199.114857512855,
                -1884.9555921538758
            ],
            "((2, 3), (5, 6))": [
                -1884.9555921538758,
                628.3185307179587,
                628.3185307179587,
                -1884.9555921538758,
                3141.592653589793,
                3141.592653589793,
                -1884.9555921538758,
                -1884.9555921538758
            ],
            "((2, 3), (6, 7))": [
                -1884.9555921538758,
                2827.4333882308138,
                2827.4333882308138,
                -1256.6370614359173,
                -1256.6370614359173,
                2199.114857512855,
                2199.114857512855,
                -1884.9555921538758
            ],
            "((2, 3), (7, 8))": [
                3141.592653589793,
                -1256.6370614359173,
                -1256.6370614359173,
                3141.592653589793,
                3141.592653589793,
                3141.592653589793,
                -628.3185307179587,
                -628.3185307179587
            ],
            "((3, 4), (5, 6))": [
                -1256.6370614359173,
                -1256.6370614359173,
                3141.592653589793,
                3141.592653589793,
                -628.3185307179587,
                -628.3185307179587,
                1884.9555921538758,
                1884.9555921538758
            ],
            "((3, 4), (6, 7))": [
                -1884.9555921538758,
                -1884.9555921538758,
                628.3185307179587,
                628.3185307179587,
                -1884.9555921538758,
                3141.592653589793,
                3141.592653589793,
                -1884.9555921538758
            ],
            "((3, 4), (7, 8))": [
                -1256.6370614359173,
                -1256.6370614359173,
                3141.592653589793,
                3141.592653589793,
                -628.3185307179587,
                -628.3185307179587,
                1884.9555921538758,
                1884.9555921538758
            ],
            "((4, 5), (6, 7))": [
                -1884.9555921538758,
                2827.4333882308138,
                2827.4333882308138,
                -1256.6370614359173,
                -1256.6370614359173,
                2199.114857512855,
                2199.114857512855,
                -1884.9555921538758
            ],
            "((4, 5), (7, 8))": [
                -1884.9555921538758,
                -1884.9555921538758,
                -1884.9555921538758,
                628.3185307179587,
                628.3185307179587,
                -1884.9555921538758,
                3141.592653589793,
                3141.592653589793
            ],
            "((5, 6), (7, 8))": [
                -1256.6370614359173,
                -1256.6370614359173,
                3141.592653589793,
                3141.592653589793,
                -628.3185307179587,
                -628.3185307179587,
                1884.9555921538758,
                1884.9555921538758
            ]
        }
    },
    "coupling_point_3": {
        "simulation_config": {},
        "data_config": {}
    },
    "coupling_point_4": {
        "simulation_config": {},
        "data_config": {}
    },
    "coupling_point_5": {
        "simulation_config": {},
        "data_config": {}
    },
    "coupling_point_6": {
        "simulation_config": {},
        "data_config": {}
    }
}