{"qubit_frequency_4.5": {"coupler_sweep": {"coupler_frequency_2.0": {"coupler_frequency": 2.0, "qubit_qubit_leg": 11.49980569842643, "qubit_qubit_rung": -8.493487952967909, "qubit_qubit_far": -0.1462608903803573, "qubit_coupler": -92.4684800573801, "qubit_coupler_far": 0.04371672776317961, "leakage": 0.0013680671686595366, "tunable_to_fixed_ratio": -1.3539556142430287}, "coupler_frequency_2.1": {"coupler_frequency": 2.1, "qubit_qubit_leg": 11.77085588657012, "qubit_qubit_rung": -8.492328999066395, "qubit_qubit_far": -0.1473080494768945, "qubit_coupler": -94.7907204892435, "qubit_coupler_far": 0.04207109286886313, "leakage": 0.0015599445643871333, "tunable_to_fixed_ratio": -1.3860574511260868}, "coupler_frequency_2.2": {"coupler_frequency": 2.2, "qubit_qubit_leg": 12.070009980627237, "qubit_qubit_rung": -8.491049549474722, "qubit_qubit_far": -0.14846406713048713, "qubit_coupler": -97.0634440030262, "qubit_coupler_far": 0.0400086885071728, "leakage": 0.00178096638217932, "tunable_to_fixed_ratio": -1.4214980033150222}, "coupler_frequency_2.3": {"coupler_frequency": 2.3, "qubit_qubit_leg": 12.400743547415399, "qubit_qubit_rung": -8.489634635613324, "qubit_qubit_far": -0.14974246346785292, "qubit_coupler": -99.29037340257692, "qubit_coupler_far": 0.037542081155149606, "leakage": 0.002036896332732057, "tunable_to_fixed_ratio": -1.46069225351528}, "coupler_frequency_2.4": {"coupler_frequency": 2.4, "qubit_qubit_leg": 12.767187108539103, "qubit_qubit_rung": -8.488066456978776, "qubit_qubit_far": -0.151159316033864, "qubit_coupler": -101.4748462245916, "qubit_coupler_far": 0.03468731193655323, "leakage": 0.0023349533823819758, "tunable_to_fixed_ratio": -1.5041337356686326}, "coupler_frequency_2.5": {"coupler_frequency": 2.5, "qubit_qubit_leg": 13.174283275353218, "qubit_qubit_rung": -8.48632369867409, "qubit_qubit_far": -0.15273387597932908, "qubit_coupler": -103.61987360783878, "qubit_coupler_far": 0.031463148792688383, "leakage": 0.002684269551626121, "tunable_to_fixed_ratio": -1.5524134764517148}, "coupler_frequency_2.6": {"coupler_frequency": 2.6, "qubit_qubit_leg": 13.627991833962254, "qubit_qubit_rung": -8.484380639727988, "qubit_qubit_far": -0.15448937310081615, "qubit_coupler": -105.72818627102802, "qubit_coupler_far": 0.02789057526451865, "leakage": 0.0030965233717898054, "tunable_to_fixed_ratio": -1.6062447469824}, "coupler_frequency_2.7": {"coupler_frequency": 2.7, "qubit_qubit_leg": 14.135560719343252, "qubit_qubit_rung": -8.482205973551771, "qubit_qubit_far": -0.15645408071399766, "qubit_coupler": -107.80227252368192, "qubit_coupler_far": 0.02399221460093044, "leakage": 0.003586830234959935, "tunable_to_fixed_ratio": -1.66649581057323}, "coupler_frequency_2.8": {"coupler_frequency": 2.8, "qubit_qubit_leg": 14.705888926513621, "qubit_qubit_rung": -8.479761226147854, "qubit_qubit_far": -0.15866274358409085, "qubit_coupler": -109.84440990397606, "qubit_coupler_far": 0.019791703119962197, "leakage": 0.00417501535887637, "tunable_to_fixed_ratio": -1.7342338462511335}, "coupler_frequency_2.9": {"coupler_frequency": 2.9, "qubit_qubit_leg": 15.350019885212221, "qubit_qubit_rung": -8.476998602587857, "qubit_qubit_far": -0.16115852184398793, "qubit_coupler": -111.85669167473038, "qubit_coupler_far": 0.015313027473981323, "leakage": 0.004887468543912381, "tunable_to_fixed_ratio": -1.8107847606021983}, "coupler_frequency_3.0": {"coupler_frequency": 3.0, "qubit_qubit_leg": 16.081823455974874, "qubit_qubit_rung": -8.473858005417105, "qubit_qubit_far": -0.1639956821878127, "qubit_coupler": -113.84104913958117, "qubit_coupler_far": 0.010579840983423489, "leakage": 0.005759904208533572, "tunable_to_fixed_ratio": -1.8978160178863281}, "coupler_frequency_3.1": {"coupler_frequency": 3.1, "qubit_qubit_leg": 16.918956355451726, "qubit_qubit_rung": -8.470262828274802, "qubit_qubit_far": -0.1672433942389594, "qubit_coupler": -115.79927053936976, "qubit_coupler_far": 0.005614774448494068, "leakage": 0.006841566866045993, "tunable_to_fixed_ratio": -1.9974535263503423}, "coupler_frequency_3.2": {"coupler_frequency": 3.2, "qubit_qubit_leg": 17.88424325957542, "qubit_qubit_rung": -8.46611389483151, "qubit_qubit_far": -0.17099120030062026, "qubit_coupler": -117.73301713558024, "qubit_coupler_far": 0.00043875678556541014, "leakage": 0.008201812617660849, "tunable_to_fixed_ratio": -2.112450113681272}, "coupler_frequency_3.3": {"coupler_frequency": 3.3, "qubit_qubit_leg": 19.007710434582943, "qubit_qubit_rung": -8.461280513531026, "qubit_qubit_far": -0.17535708705414177, "qubit_coupler": -119.6438369702327, "qubit_coupler_far": -0.0049296395575225424, "leakage": 0.00994072758677751, "tunable_to_fixed_ratio": -2.2464342606519643}, "coupler_frequency_3.4000000000000004": {"coupler_frequency": 3.4000000000000004, "qubit_qubit_leg": 20.329662267289905, "qubit_qubit_rung": -8.455586909236606, "qubit_qubit_far": -0.1804997273675758, "qubit_coupler": -121.53317670072028, "qubit_coupler_far": -0.010474814182788877, "leakage": 0.012206870280139266, "tunable_to_fixed_ratio": -2.404287542131753}, "coupler_frequency_3.5": {"coupler_frequency": 3.5, "qubit_qubit_leg": 21.905482914507402, "qubit_qubit_rung": -8.448790981765756, "qubit_qubit_far": -0.1866376422889818, "qubit_coupler": -123.40239183695611, "qubit_coupler_far": -0.016184702156692665, "leakage": 0.015228150311081653, "tunable_to_fixed_ratio": -2.59273580821019}, "coupler_frequency_3.6": {"coupler_frequency": 3.6, "qubit_qubit_leg": 23.813407907949962, "qubit_qubit_rung": -8.440549802319357, "qubit_qubit_far": -0.19408032158979496, "qubit_coupler": -125.25275565197686, "qubit_coupler_far": -0.022051273469091606, "leakage": 0.019368213331375093, "tunable_to_fixed_ratio": -2.821310040894059}, "coupler_frequency_3.7": {"coupler_frequency": 3.7, "qubit_qubit_leg": 26.167655138326314, "qubit_qubit_rung": -8.43036106591846, "qubit_qubit_far": -0.2032810202235842, "qubit_coupler": -127.08546699221377, "qubit_coupler_far": -0.028070958406940707, "leakage": 0.025235493625982916, "tunable_to_fixed_ratio": -3.1039779831156538}, "coupler_frequency_3.8": {"coupler_frequency": 3.8, "qubit_qubit_leg": 29.141786939201197, "qubit_qubit_rung": -8.417458383856989, "qubit_qubit_far": -0.21493115748023345, "qubit_coupler": -128.901657177334, "qubit_coupler_far": -0.034244990619292516, "leakage": 0.03390946372053659, "tunable_to_fixed_ratio": -3.462064866883019}, "coupler_frequency_3.9000000000000004": {"coupler_frequency": 3.9000000000000004, "qubit_qubit_leg": 33.01299137333402, "qubit_qubit_rung": -8.400611534392942, "qubit_qubit_far": -0.2301403465693327, "qubit_coupler": -130.70239614984231, "qubit_coupler_far": -0.04057966175816574, "leakage": 0.04745310099808426, "tunable_to_fixed_ratio": -3.929831922137518}, "coupler_frequency_4.0": {"coupler_frequency": 4.0, "qubit_qubit_leg": 38.25296985416994, "qubit_qubit_rung": -8.377713086113442, "qubit_qubit_far": -0.25080881737789934, "qubit_coupler": -132.48869801011082, "qubit_coupler_far": -0.04708648383890356, "leakage": 0.07021302040165736, "tunable_to_fixed_ratio": -4.566039617372015}, "coupler_frequency_5.2": {"coupler_frequency": 5.2, "qubit_qubit_leg": -29.27540837128077, "qubit_qubit_rung": -8.66466275546718, "qubit_qubit_far": 0.008533615593564614, "qubit_coupler": -153.0391885822099, "qubit_coupler_far": -0.14936629882848512, "leakage": 0.04779794539163509, "tunable_to_fixed_ratio": 3.3787129629261954}, "coupler_frequency_5.3": {"coupler_frequency": 5.3, "qubit_qubit_leg": -24.920140504711352, "qubit_qubit_rung": -8.646674966334615, "qubit_qubit_far": -0.007745157219037685, "qubit_coupler": -154.70612787761922, "qubit_coupler_far": -0.1612432252597128, "leakage": 0.03739685312950982, "tunable_to_fixed_ratio": 2.882048949652513}, "coupler_frequency_5.4": {"coupler_frequency": 5.4, "qubit_qubit_leg": -21.61903024389497, "qubit_qubit_rung": -8.632994557796035, "qubit_qubit_far": -0.020123858223632347, "qubit_coupler": -156.37016768289655, "qubit_coupler_far": -0.17389542988836523,