{"qubit_frequency_5": {"coupler_sweep": {"coupler_frequency_2.0": {"coupler_frequency": 2.0, "qubit_qubit_leg": 12.211156789429625, "qubit_qubit_rung": -9.595268862867853, "qubit_qubit_far": -0.1832000377565726, "qubit_coupler": -98.02823842911724, "qubit_coupler_far": 0.01927474439541202, "leakage": 0.0010677261699462062, "tunable_to_fixed_ratio": -1.2726226814430222}, "coupler_frequency_2.1": {"coupler_frequency": 2.1, "qubit_qubit_leg": 12.434785598486268, "qubit_qubit_rung": -9.594184011499854, "qubit_qubit_far": -0.18400104609902154, "qubit_coupler": -100.48987221252808, "qubit_coupler_far": 0.016878098587973477, "leakage": 0.0012007389319013348, "tunable_to_fixed_ratio": -1.2960753706184487}, "coupler_frequency_2.2": {"coupler_frequency": 2.2, "qubit_qubit_leg": 12.678657993033617, "qubit_qubit_rung": -9.593000732231342, "qubit_qubit_far": -0.18487472275979652, "qubit_coupler": -102.89898626998595, "qubit_coupler_far": 0.014057722076888922, "leakage": 0.0013505358897182092, "tunable_to_fixed_ratio": -1.3216571484702209}, "coupler_frequency_2.3": {"coupler_frequency": 2.3, "qubit_qubit_leg": 12.944746702590416, "qubit_qubit_rung": -9.591709392091191, "qubit_qubit_far": -0.18582817843397056, "qubit_coupler": -105.25952665930191, "qubit_coupler_far": 0.01082580987260312, "leakage": 0.0015198309948614938, "tunable_to_fixed_ratio": -1.3495766159537694}, "coupler_frequency_2.4": {"coupler_frequency": 2.4, "qubit_qubit_leg": 13.235328543170839, "qubit_qubit_rung": -9.590298868088308, "qubit_qubit_far": -0.18686962353946548, "qubit_coupler": -107.57503097655928, "qubit_coupler_far": 0.007198332716122292, "leakage": 0.0017118916108887113, "tunable_to_fixed_ratio": -1.3800746697489645}, "coupler_frequency_2.5": {"coupler_frequency": 2.5, "qubit_qubit_leg": 13.55304227777325, "qubit_qubit_rung": -9.588756262535194, "qubit_qubit_far": -0.1880085782904737, "qubit_coupler": -109.84869074990074, "qubit_coupler_far": 0.0031942324527104, "leakage": 0.0019306775775147728, "tunable_to_fixed_ratio": -1.4134306792974973}, "coupler_frequency_2.6": {"coupler_frequency": 2.6, "qubit_qubit_leg": 13.900960460716359, "qubit_qubit_rung": -9.587066549292059, "qubit_qubit_far": -0.1892561337388739, "qubit_coupler": -112.08340018393497, "qubit_coupler_far": -0.0011651302677545777, "leakage": 0.002181022325831964, "tunable_to_fixed_ratio": -1.4499701644131022}, "coupler_frequency_2.7": {"coupler_frequency": 2.7, "qubit_qubit_leg": 14.282679349542173, "qubit_qubit_rung": -9.58521213067143, "qubit_qubit_far": -0.19062527872931326, "qubit_coupler": -114.2817964582289, "qubit_coupler_far": -0.005856594158063222, "leakage": 0.0024688712668657956, "tunable_to_fixed_ratio": -1.4900744140903737}, "coupler_frequency_2.8": {"coupler_frequency": 2.8, "qubit_qubit_leg": 14.702432393194004, "qubit_qubit_rung": -9.583172277641935, "qubit_qubit_far": -0.1921313129511337, "qubit_coupler": -116.44629326976275, "qubit_coupler_far": -0.010855867114159782, "leakage": 0.0028015990116255357, "tunable_to_fixed_ratio": -1.534192641772243}, "coupler_frequency_2.9": {"coupler_frequency": 2.9, "qubit_qubit_leg": 15.165234814741051, "qubit_qubit_rung": -9.580922415942172, "qubit_qubit_far": -0.1937923736660381, "qubit_coupler": -118.57910892459101, "qubit_coupler_far": -0.016138232603754236, "leakage": 0.0031884365245691657, "tunable_to_fixed_ratio": -1.5828574907888686}, "coupler_frequency_3.0": {"coupler_frequency": 3.0, "qubit_qubit_leg": 15.677069680285904, "qubit_qubit_rung": -9.578433206356111, "qubit_qubit_far": -0.19563011428006347, "qubit_coupler": -120.68228999857405, "qubit_coupler_far": -0.021679276916823382, "leakage": 0.003641053779824982, "tunable_to_fixed_ratio": -1.636705016628693}, "coupler_frequency_3.1": {"coupler_frequency": 3.1, "qubit_qubit_leg": 16.245130016148885, "qubit_qubit_rung": -9.575669346526638, "qubit_qubit_far": -0.19767058832206322, "qubit_coupler": -122.75773137288297, "qubit_coupler_far": -0.027455621253787917, "leakage": 0.004174365820447895, "tunable_to_fixed_ratio": -1.6965007278620627}, "coupler_frequency_3.2": {"coupler_frequency": 3.2, "qubit_qubit_leg": 16.878137688964024, "qubit_qubit_rung": -9.572587990834183, "qubit_qubit_far": -0.19994541513863878, "qubit_coupler": -124.80719328753807, "qubit_coupler_far": -0.03344564264766571, "leakage": 0.004807665276639781, "tunable_to_fixed_ratio": -1.7631739405398994}, "coupler_frequency_3.3": {"coupler_frequency": 3.3, "qubit_qubit_leg": 17.586769003028238, "qubit_qubit_rung": -9.569136638449677, "qubit_qubit_far": -0.20249333783996284, "qubit_coupler": -126.83231593173811, "qubit_coupler_far": -0.03963016809532071, "leakage": 0.005566240956611843, "tunable_to_fixed_ratio": -1.8378637140954777}, "coupler_frequency_3.4000000000000004": {"coupler_frequency": 3.4000000000000004, "qubit_qubit_leg": 18.384231118948403, "qubit_qubit_rung": -9.565250268437563, "qubit_qubit_far": -0.20536233654809358, "qubit_coupler": -128.8346319933378, "qubit_coupler_far": -0.045993127015089334, "leakage": 0.006483735312835465, "tunable_to_fixed_ratio": -1.9219811926522}, "coupler_frequency_3.5": {"coupler_frequency": 3.5, "qubit_qubit_leg": 19.287055538376453, "qubit_qubit_rung": -9.560847389062971, "qubit_qubit_far": -0.20861254235881732, "qubit_coupler": -130.81557751442287, "qubit_coupler_far": -0.05252214824543929, "leakage": 0.007605651253525323, "tunable_to_fixed_ratio": -2.0172956175871684}, "coupler_frequency_3.6": {"coupler_frequency": 3.6, "qubit_qubit_leg": 20.316210381542525, "qubit_qubit_rung": -9.555824488953625, "qubit_qubit_far": -0.2123203297414341, "qubit_coupler": -132.77650134032342, "qubit_coupler_far": -0.05920908923154041, "leakage": 0.008994693524580055, "tunable_to_fixed_ratio": -2.126055203821264}, "coupler_frequency_3.7": {"coupler_frequency": 3.7, "qubit_qubit_leg": 21.498691580451027, "qubit_qubit_rung": -9.55004808148565, "qubit_qubit_far": -0.2165841834664698, "qubit_coupler": -134.71867340176897, "qubit_coupler_far": -0.06605048678243773, "leakage": 0.010739124830255917, "tunable_to_fixed_ratio": -2.2511605592991515}, "coupler_frequency_3.8": {"coupler_frequency": 3.8, "qubit_qubit_leg": 22.8698521343005, "qubit_qubit_rung": -9.543343029714032, "qubit_qubit_far": -0.22153330759666892, "qubit_coupler": -136.6432920313944, "qubit_coupler_far": -0.07304792078030405, "leakage": 0.0129662425397062, "tunable_to_fixed_ratio": -2.396419374541313}, "coupler_frequency_3.9000000000000004": {"coupler_frequency": 3.9000000000000004, "qubit_qubit_leg": 24.476902262247364, "qubit_qubit_rung": -9.53547495178808, "qubit_qubit_far": -0.22734059791040886, "qubit_coupler": -138.55149048431107, "qubit_coupler_far": -0.08020828443682282, "leakage": 0.015864888855722445, "tunable_to_fixed_ratio": -2.566930581434487}, "coupler_frequency_4.0": {"coupler_frequency": 4.0, "qubit_qubit_leg": 26.384329915334472, "qubit_qubit_rung": -9.526122882264223, "qubit_qubit_far": -0.23424279589494199, "qubit_coupler": -140.44434280646675, "qubit_coupler_far": -0.08754395706616286, "leakage": 0.01972461342634035, "tunable_to_fixed_ratio": -2.7696818780762245}, "coupler_frequency_6.0": {"coupler_frequency": 6.0, "qubit_qubit_leg": -25.169864244059625, "qubit_qubit_rung": -9.773891972548924, "qubit_qubit_far": -0.05123237053828331, "qubit_coupler": -176.30026689241583, "qubit_coupler_far": -0.3306268768984046, "leakage": 0.03108178410633706, "tunable_to_fixed_ratio": 2.5752140820414247}, "coupler_frequency_6.05": {"coupler_frequency": 6.05, "qubit_qubit_leg": -23.72064905120966, "qubit_qubit_rung": -9.76706617370645, "qubit_qubit_far": -0.05627822691837927, "qubit_coupler": -177.18141200768216, "qubit_coupler_far": -0.34112085470915404, "leakage": 0.028474605678944245, "tunable_to_fixed_ratio": 2.428636053994097}, "coupler_frequency_6.1": {"coupler_frequency": 6.1, "qubit_qubit_leg": -22.41636122309939, "qubit_qubit_rung": -9.760916235541773, "qubit_qubit_far": -0.060824265818990676, "qubit_coupler": -178.0633074936979,