{"qubit_frequency_3.7": {"coupler_sweep": {"coupler_frequency_1.0": {"coupler_frequency": 1.0, "qubit_qubit_leg": 8.36409805382552, "qubit_qubit_rung": -6.846125995149528, "qubit_qubit_far": -0.08321637913234374, "qubit_coupler": -58.64686987802803, "qubit_coupler_far": 0.058809935378989264, "leakage": 0.0004718045742785118, "tunable_to_fixed_ratio": -1.221727157775284}, "coupler_frequency_1.1": {"coupler_frequency": 1.1, "qubit_qubit_leg": 8.48938289627483, "qubit_qubit_rung": -6.845690749456636, "qubit_qubit_far": -0.08374565620963326, "qubit_coupler": -61.524828649269736, "qubit_coupler_far": 0.06155131211473983, "leakage": 0.0005599562929470416, "tunable_to_fixed_ratio": -1.2401061057203993}, "coupler_frequency_1.2": {"coupler_frequency": 1.2, "qubit_qubit_leg": 8.63140465096144, "qubit_qubit_rung": -6.845197286448616, "qubit_qubit_far": -0.08434572404664264, "qubit_coupler": -64.2776493968606, "qubit_coupler_far": 0.06397636452018989, "leakage": 0.0006610585939177174, "tunable_to_fixed_ratio": -1.2609431532454096}, "coupler_frequency_1.3": {"coupler_frequency": 1.3, "qubit_qubit_leg": 8.791793012430086, "qubit_qubit_rung": -6.844639914977024, "qubit_qubit_far": -0.08502350171153479, "qubit_coupler": -66.92100132947229, "qubit_coupler_far": 0.06607629655794599, "leakage": 0.0007775035449547275, "tunable_to_fixed_ratio": -1.2844785294245238}, "coupler_frequency_1.4": {"coupler_frequency": 1.4, "qubit_qubit_leg": 8.972490542222465, "qubit_qubit_rung": -6.844011848672351, "qubit_qubit_far": -0.08578723965421448, "qubit_coupler": -69.46760998176802, "qubit_coupler_far": 0.06784228327356866, "leakage": 0.0009122398556860178, "tunable_to_fixed_ratio": -1.310998686240295}, "coupler_frequency_1.5": {"coupler_frequency": 1.5, "qubit_qubit_leg": 9.17581898895659, "qubit_qubit_rung": -6.843304972941773, "qubit_qubit_far": -0.08664680290461892, "qubit_coupler": -71.92798595686175, "qubit_coupler_far": 0.06926631460276642, "leakage": 0.0010689328850848141, "tunable_to_fixed_ratio": -1.3408461299383134}, "coupler_frequency_1.6": {"coupler_frequency": 1.6, "qubit_qubit_leg": 9.40456458738722, "qubit_qubit_rung": -6.842509545074839, "qubit_qubit_far": -0.0876140355621241, "qubit_coupler": -74.31093788622687, "qubit_coupler_far": 0.07034180783203046, "leakage": 0.00125218038311353, "tunable_to_fixed_ratio": -1.3744320742901293}, "coupler_frequency_1.7000000000000002": {"coupler_frequency": 1.7000000000000002, "qubit_qubit_leg": 9.662088786787939, "qubit_qubit_rung": -6.8416138046393336, "qubit_qubit_far": -0.08870323430101563, "qubit_coupler": -76.62394281406782, "qubit_coupler_far": 0.07106404466222199, "leakage": 0.0014678071530933837, "tunable_to_fixed_ratio": -1.4122528781493084}, "coupler_frequency_1.8": {"coupler_frequency": 1.8, "qubit_qubit_leg": 9.952473524025041, "qubit_qubit_rung": -6.8406034618871425, "qubit_qubit_far": -0.08993177011243948, "qubit_coupler": -78.8734195235027, "qubit_coupler_far": 0.07143046693101242, "leakage": 0.001723273215326996, "tunable_to_fixed_ratio": -1.4549116286999941}, "coupler_frequency_1.9": {"coupler_frequency": 1.9, "qubit_qubit_leg": 10.280714122225124, "qubit_qubit_rung": -6.839461017791643, "qubit_qubit_far": -0.09132091462966782, "qubit_coupler": -81.06493406078006, "qubit_coupler_far": 0.07144085287918822, "leakage": 0.0020282480044069807, "tunable_to_fixed_ratio": -1.503146826260384}, "coupler_frequency_2.0": {"coupler_frequency": 2.0, "qubit_qubit_leg": 10.652978908644084, "qubit_qubit_rung": -6.838164847931256, "qubit_qubit_far": -0.09289695338674704, "qubit_coupler": -83.20335681322001, "qubit_coupler_far": 0.07109738906406168, "leakage": 0.002395432036328029, "tunable_to_fixed_ratio": -1.5578710290768905}, "coupler_frequency_2.1": {"coupler_frequency": 2.1, "qubit_qubit_leg": 11.076963951949786, "qubit_qubit_rung": -6.83668794924737, "qubit_qubit_far": -0.09469270866952488, "qubit_coupler": -85.29318397762299, "qubit_coupler_far": 0.07038194451783872, "leakage": 0.0028417684504065013, "tunable_to_fixed_ratio": -1.6202237156617942}, "coupler_frequency_2.2": {"coupler_frequency": 2.2, "qubit_qubit_leg": 11.562386055485884, "qubit_qubit_rung": -6.834996196064994, "qubit_qubit_far": -0.09674965855077267, "qubit_coupler": -87.33848523339805, "qubit_coupler_far": 0.06927029486980858, "leakage": 0.0033902271123842174, "tunable_to_fixed_ratio": -1.6916448413157152}, "coupler_frequency_2.3": {"coupler_frequency": 2.3, "qubit_qubit_leg": 12.121681073920682, "qubit_qubit_rung": -6.83304586611452, "qubit_qubit_far": -0.0991209427164058, "qubit_coupler": -89.34261103822388, "qubit_coupler_far": 0.06777506952862954, "leakage": 0.004072501095473142, "tunable_to_fixed_ratio": -1.7739791758215495}, "coupler_frequency_2.4000000000000004": {"coupler_frequency": 2.4000000000000004, "qubit_qubit_leg": 12.771014595779205, "qubit_qubit_rung": -6.83078005390726, "qubit_qubit_far": -0.10187571980382008, "qubit_coupler": -91.3085652197053, "qubit_coupler_far": 0.06591191595321129, "leakage": 0.004933286439337977, "tunable_to_fixed_ratio": -1.8696275527820698}, "coupler_frequency_2.5": {"coupler_frequency": 2.5, "qubit_qubit_leg": 13.531780968464902, "qubit_qubit_rung": -6.828123340948266, "qubit_qubit_far": -0.10510564192867222, "qubit_coupler": -93.23905796362345, "qubit_coupler_far": 0.06369884069844926, "leakage": 0.006037168006905507, "tunable_to_fixed_ratio": -1.9817716073338616}, "coupler_frequency_2.6": {"coupler_frequency": 2.6, "qubit_qubit_leg": 14.432889886388244, "qubit_qubit_rung": -6.824973647867125, "qubit_qubit_far": -0.10893475158921037, "qubit_coupler": -95.13654718259, "qubit_coupler_far": 0.061155761597091005, "leakage": 0.007480134388285267, "tunable_to_fixed_ratio": -2.114717306036584}, "coupler_frequency_2.7": {"coupler_frequency": 2.7, "qubit_qubit_leg": 15.51436942103648, "qubit_qubit_rung": -6.8211893627351365, "qubit_qubit_far": -0.11353511461055076, "qubit_coupler": -97.00327271586224, "qubit_coupler_far": 0.05830399859240927, "leakage": 0.009409634917587941, "tunable_to_fixed_ratio": -2.274437579140243}, "coupler_frequency_2.8": {"coupler_frequency": 2.8, "qubit_qubit_leg": 16.833263370711038, "qubit_qubit_rung": -6.816568209374818, "qubit_qubit_far": -0.11915248157630051, "qubit_coupler": -98.84128479448106, "qubit_coupler_far": 0.05516571639700766, "leakage": 0.012061234049165067, "tunable_to_fixed_ratio": -2.4694630573138356}, "coupler_frequency_2.9000000000000004": {"coupler_frequency": 2.9000000000000004, "qubit_qubit_leg": 18.473729544054894, "qubit_qubit_rung": -6.810810931768931, "qubit_qubit_far": -0.12615038079387678, "qubit_coupler": -100.65246787952003, "qubit_coupler_far": 0.051763332683864724, "leakage": 0.01582956139099659, "tunable_to_fixed_ratio": -2.712412622979217}, "coupler_frequency_3.0": {"coupler_frequency": 3.0, "qubit_qubit_leg": 20.565300322237874, "qubit_qubit_rung": -6.803455335171532, "qubit_qubit_far": -0.13509018712614773, "qubit_coupler": -102.43856073907897, "qubit_coupler_far": 0.04811890588782956, "leakage": 0.021415630053661153, "tunable_to_fixed_ratio": -3.022772886583428}, "coupler_frequency_3.1": {"coupler_frequency": 3.1, "qubit_qubit_leg": 23.318200546743068, "qubit_qubit_rung": -6.793748009953263, "qubit_qubit_far": -0.1468868004249489, "qubit_coupler": -104.2011734479471, "qubit_coupler_far": 0.04425351684741444, "leakage": 0.03016079041091431, "tunable_to_fixed_ratio": -3.432302833808445}, "coupler_frequency_3.2": {"coupler_frequency": 3.2, "qubit_qubit_leg": 27.09773894987267, "qubit_qubit_rung": -6.780372212315669, "qubit_qubit_far": -0.16313878909523669, "qubit_coupler": -105.94180185602673, "qubit_coupler_far": 0.04018665840640854, "leakage": 0.04489466152200651, "tunable_to_fixed_ratio": -3.996497257282297}, "coupler_frequency_4.2": {"coupler_frequency": 4.2, "qubit_qubit_leg": -26.580216509034024, "qubit_qubit_rung": -6.965229580472144, "qubit_qubit_far": 0.06174126181656618, "qubit_coupler": -122.40390259660575,